,Label,mean_nni,sdnn,sdsd,nni_50,pnni_50,nni_20,pnni_20,rmssd,median_nni,range_nni,cvsd,cvnni,mean_hr,max_hr,min_hr,std_hr,lf,hf,lf_hf_ratio,lfnu,hfnu,total_power,vlf,AVNN,SDNN,RMSSD,SKEW,KURT,MO,AMO,M0,R1,DELp,DEL0,DELn
0,2,592.0665130062563,142.9796305691777,18.831206841487237,107,3.5232136977280213,328,10.80013170892328,18.831686357498466,544.0,740.0,0.031806707428662616,0.24149251381097256,105.96897557712677,140.18691588785046,51.369863013698634,19.739924898314108,862.8061096921307,111.00428510605721,7.772727952509012,88.60103715271374,11.398962847286274,1610.3694558084806,636.5590610102926,592.0665130062563,142.9796305691777,18.831686357498466,1.643651697902922,1.8637723080591924,520.0,3.9183404675666775,520,0.9898931977022182,0.10968379446640317,0.7743741765480896,0.11594202898550725
1,0,576.8435244161358,97.48031135973919,72.50750074372337,828,26.36942675159236,970,30.891719745222932,72.50750114683647,584.0,1568.0,0.1256970011412132,0.16898917511192646,107.08318027798614,200.0,32.11991434689507,19.379218905046,3543.3856178499336,3101.1487640318605,1.1426042049150564,53.32782425676025,46.672175743239755,7566.812991397242,922.2786095154466,576.8435244161358,97.48031135973919,72.50750114683647,1.1211178748977386,12.272433703339908,612.0,3.4076433121019107,52,0.7235264008172114,0.2042051608792609,0.5884039503026441,0.20739088881809492
2,0,537.9101832382097,44.509581080135476,24.174334152599197,136,4.0853109041754285,233,6.9990988284770195,24.174334272115956,532.0,1072.0,0.04494120956511158,0.08274537732710058,112.3419717480845,200.0,43.731778425655975,10.329328046883248,412.17510511198304,295.47172547258333,1.3949730873664548,58.245877363924215,41.754122636075785,908.178372706014,200.53154212144761,537.9101832382097,44.509581080135476,24.174334272115956,1.7634482689257671,46.02141620870891,520.0,9.071793331330731,520,0.8522485563584369,0.11298076923076925,0.77734375,0.10967548076923077
3,0,684.1642251349267,115.03501376811815,80.25545406623387,1346,51.88897455666925,2059,79.37548188126446,80.25545408105944,672.0,1368.0,0.1173043709867056,0.16813947520484815,90.09167291284484,192.3076923076923,35.714285714285715,14.754523813816723,3801.0868199348765,2418.928032453197,1.571393100141115,61.1105746552279,38.88942534477211,7406.5116171489035,1186.4967647608298,684.1642251349267,115.03501376811815,80.25545408105944,0.8846588419787251,2.998071727226109,684.0,1.6576715497301466,349,0.756711374448892,0.4080215966062476,0.196683378326263,0.39529502506748937
4,0,719.3544147843942,108.01336145634123,85.99211351776599,1385,56.87885010266941,1953,80.20533880903491,85.9921840097353,704.0,780.0,0.11954077467573332,0.15015319185705578,85.15681604721705,122.95081967213116,47.31861198738171,11.859772707532857,4655.100646364115,3237.7259176509538,1.4377685958487492,58.9788792216419,41.02112077835811,9028.276390447983,1135.4498264329154,719.3544147843942,108.01336145634123,85.9921840097353,0.9253971658684748,1.0478727940318944,652.0,1.930184804928132,101,0.6825837436173465,0.4215283483976993,0.17296631059983567,0.4055053410024651
5,1,409.4669634489223,64.8577368446323,48.29776916495021,1291,30.24835988753514,2686,62.933458294283035,48.297772112510025,398.0,428.0,0.11795279332354434,0.15839553037035867,149.89337381729368,200.0,82.41758241758242,21.654991299726678,1245.3248230461054,1419.0003566361672,0.8776071247777759,46.74072191122758,53.25927808877243,3021.6809528362514,357.35577315397865,409.4669634489223,64.8577368446323,48.297772112510025,1.0460114345600005,1.370555660977602,360.0,3.0693533270852864,330,0.7226628809733667,0.3433325521443637,0.3231778767283806,0.3334895711272557
6,0,974.9158361018826,165.70086388433594,134.07695268056744,1237,68.49390919158361,1544,85.49280177187154,134.07695313841558,956.0,1152.0,0.1375266953037821,0.16996427563109104,63.21533553277121,90.9090909090909,33.11258278145695,10.071036933543377,13736.560370656744,4883.436706371413,2.8128879714432813,73.77316072516359,26.22683927483641,22497.895773596934,3877.8986965687764,974.9158361018826,165.70086388433594,134.07695313841558,0.8647451985289992,1.0709540038614789,844.0,1.3842746400885937,19,0.6722711258313742,0.4321329639889197,0.1263157894736842,0.44155124653739614
7,0,918.041088854648,165.33190124975582,72.60083660026105,805,41.345659989727785,1337,68.66974833076527,72.60109370946759,996.0,996.0,0.07908261905798249,0.1800920495356309,68.02730802383945,120.96774193548387,40.21447721179624,15.05137894151396,1708.022843649797,897.6908910795387,1.9026848335241269,65.54913614972425,34.450863850275745,3306.16013133191,700.4463966025743,918.041088854648,165.33190124975582,72.60109370946759,-0.8067966759513061,-0.3755655611247533,1024.0,3.2871083718541345,223,0.9032185542690342,0.3715313463514902,0.2744090441932169,0.3540596094552929
8,0,621.8583916083917,92.41893236032531,37.696841037666786,294,10.279720279720278,565,19.755244755244764,37.69689130221479,628.0,616.0,0.060619735635816574,0.14861732768659833,98.77225265636388,197.36842105263162,65.21739130434783,15.848182960633881,1011.119143915684,631.7192516510297,1.6005830774874656,61.54708501117594,38.45291498882407,2186.4361381140657,543.5977425473518,621.8583916083917,92.41893236032531,37.69689130221479,0.007134541846136605,-0.11589687843729825,672.0,2.4475524475524475,743,0.9164828641427818,0.16334382651276672,0.6768100734522561,0.15984610003497726
9,2,1144.726501305483,90.32443303539692,84.87875853777545,827,53.981723237597905,1232,80.41775456919059,84.87875857798605,1120.0,932.0,0.07414763131733874,0.07890481519593373,52.68823768119778,80.64516129032258,35.79952267303103,3.5278841533222742,4093.6863494440263,1037.3505825593131,3.946290114711495,79.7828275978849,20.21717240211511,6791.137924337922,1660.1009923345832,1144.726501305483,90.32443303539692,84.87875857798605,2.8971126040572583,11.874318166556828,1120.0,4.699738903394255,10,0.5587957862469872,0.4350097975179621,0.16394513389941215,0.4010450685826257
10,0,1002.6369565217392,222.46562074329745,124.45100200278564,550,29.89130434782609,1019,55.3804347826087,124.45100321927441,1004.0,1488.0,0.12412369443373505,0.2218805314288991,63.6385663104001,123.96694214876032,30.42596348884381,18.184916699686827,11593.926940224606,4923.6359558992135,2.3547490196413565,70.1915107763589,29.80848922364113,22465.3010292302,5947.738133106378,1002.6369565217392,222.46562074329745,124.45100321927441,-0.22296076663740466,0.8345383430225706,960.0,1.6847826086956519,210,0.843981057530464,0.3132137030995106,0.37792278412180536,0.3088635127786841
11,0,596.3699499165275,125.65058231528351,29.531153391211586,322,10.751252086811352,662,22.10350584307179,29.531184337296626,568.0,580.0,0.049518229986990514,0.21069234345706134,105.7355975448377,187.5,66.66666666666667,24.92837994517549,439.4833336028925,312.68785852514424,1.4055017539721717,58.42863143422308,41.57136856577693,1028.7137562640291,276.54256413599234,596.3699499165275,125.65058231528351,29.531184337296626,-0.2028050276536647,-1.1004337769063095,544.0,3.1385642737896493,617,0.9724541659128416,0.15430861723446893,0.7054108216432866,0.1402805611222445
12,0,611.7251677852349,125.03625779944844,47.58991096415728,509,17.08053691275168,800,26.845637583892614,47.58992477313578,608.0,712.0,0.07779625112603457,0.2043994008815186,102.61500986987636,200.0,59.28853754940712,22.906414092866374,1260.922649417256,1132.6923800107468,1.1132083800239678,52.67859007881381,47.3214099211862,3026.2490321237074,632.6340026957049,611.7251677852349,125.03625779944844,47.58992477313578,0.006613050137850835,-0.7675563069758793,468.0,1.74496644295302,935,0.927817069294708,0.18932527693857,0.6270560590802282,0.18361866398120172
13,0,1080.6204620462047,200.43450341433197,188.29786668600758,1034,56.87568756875689,1071,58.91089108910891,188.29796408918526,1028.0,1068.0,0.17424985987460792,0.1854809440076676,57.663854193823035,117.1875,37.9746835443038,12.364728788311348,12875.026485460583,11643.295696713702,1.105788843711539,52.511857825333564,47.488142174666436,26613.679056338617,2095.356874164332,1080.6204620462047,200.43450341433197,188.29796408918526,0.1819609951862173,0.4713912289944617,1024.0,2.4752475247524752,2,0.5584084886913806,0.3775454045129334,0.33351678591084205,0.28893780957622456
14,0,511.5536166619758,72.92602949846298,50.02991014522081,506,14.241486068111456,716,20.151984238671545,50.029972247874795,508.0,1268.0,0.09780005578757073,0.14255793942837278,119.19193042086043,200.0,38.265306122448976,14.599708243011936,2474.272986568017,1130.1343381023235,2.1893618334991194,68.64576513405889,31.354234865941123,4678.296259315748,1073.8889346454084,511.5536166619758,72.92602949846298,50.029972247874795,4.085963506189069,43.62965016711158,512.0,4.418801013228258,230,0.7628680233717829,0.15315315315315314,0.7128378378378378,0.134009009009009
15,0,924.5657114624505,181.3705302852874,107.54701752908316,634,31.32411067193676,1174,58.00395256916996,107.54717473374836,944.0,1652.0,0.1163218291576414,0.19616835021753173,68.16287891916265,200.0,30.73770491803279,18.43995546719739,10060.306262403243,3761.900882080767,2.6742613848025494,72.78364560191083,27.216354398089155,16764.202476601182,2941.995332117173,924.5657114624505,181.3705302852874,107.54717473374836,-0.08894633126492871,2.7789576422923807,940.0,2.66798418972332,425,0.8223282594661745,0.31833910034602075,0.3727137913989125,0.3089471082550667
16,2,1239.0355466130113,238.20684868919258,76.97755120772153,105,7.042253521126762,349,23.40710932260228,76.97882564261056,1304.0,1540.0,0.062128020340528126,0.1922518279159524,50.57361657536779,182.9268292682927,32.11991434689507,11.918685170751324,5345.222208522251,1131.3939935277856,4.7244569434696935,82.53109404306423,17.46890595693576,11113.606806765652,4636.9906047156155,1239.0355466130113,238.20684868919258,76.97882564261056,-0.3789169257269506,-0.9136482476217608,1424.0,1.4084507042253522,74,0.9471026643069655,0.17315436241610738,0.6510067114093959,0.17583892617449665
17,0,863.1716346153846,76.6016278693093,37.5295817946669,244,11.730769230769232,538,25.865384615384613,37.52974770075016,888.0,552.0,0.04347889364723253,0.08874437573871591,70.17397476614707,112.78195488721805,55.350553505535046,7.544132408911654,360.16161784482995,298.3568565581047,1.2071504640440158,54.69271278552681,45.30728721447319,759.486516876574,100.96804247363916,863.1716346153846,76.6016278693093,37.52974770075016,-1.682485052889241,2.8875623408461153,892.0,7.163461538461537,408,0.8784290477215639,0.202020202020202,0.6560846560846559,0.1418951418951419
18,0,1334.8546255506608,113.85133201466236,86.77647854509705,627,46.035242290748904,966,70.9251101321586,86.77647859486748,1360.0,1004.0,0.06500818660988647,0.08529118439972133,45.315520834663154,69.44444444444444,32.11991434689507,4.35359309876196,3145.1477818922062,1271.1726943134806,2.474209677380459,71.21647531780533,28.78352468219467,6960.55228693706,2544.231810731372,1334.8546255506608,113.85133201466236,86.77647859486748,-0.922933395509442,2.1239898814449862,1404.0,3.671071953010279,15,0.7100528627762077,0.3761939750183688,0.2490815576781778,0.3747244673034533
19,0,754.4658567239212,71.29061089461919,35.55376646084489,113,4.733975701717637,323,13.531629660661919,35.55376788371739,756.0,988.0,0.04712442261880572,0.09449150052221156,80.27493159634486,174.4186046511628,45.04504504504504,8.281198513587274,1073.8887604793795,526.3352122120632,2.040313350813216,67.10865346387659,32.8913465361234,2080.9068830093906,480.6829103179482,754.4658567239212,71.29061089461919,35.55376788371739,0.42942009199497866,8.450423295453179,792.0,2.9744449099287813,528,0.8759937634067516,0.14585079631181894,0.7103939647946353,0.1437552388935457
20,2,697.1713178294574,91.74914016926209,25.006933849547305,114,4.418604651162791,518,20.07751937984496,25.006986228195075,680.0,764.0,0.03586921261484298,0.13160200057413413,87.42378805736223,156.25,52.264808362369344,10.512377682577672,997.064741065567,213.75932507321838,4.664426876928272,82.34596329466108,17.654036705338918,1950.15228984992,739.3282237111342,697.1713178294574,91.74914016926209,25.006986228195075,1.0926599834512636,1.2217012506925515,672.0,3.1395348837209305,156,0.9629187508254692,0.15509887553315238,0.6746801085692129,0.17022101589763475
21,0,869.3827636013481,125.34894397925079,84.252864626128,738,35.53201733269138,1333,64.17910447761193,84.25293371792505,896.0,1276.0,0.09691120786535272,0.14418153801439876,71.02230350894399,200.0,38.07106598984772,15.064890624498188,3406.678964585185,2109.717078485804,1.6147563098983124,61.75551824028719,38.24448175971281,6641.430765568929,1125.0347224979403,869.3827636013481,125.34894397925079,84.25293371792505,-1.0575862270788925,3.6663063238388327,952.0,2.5036109773712085,577,0.7733255634737423,0.32996146435452794,0.3241811175337187,0.34585741811175336
22,0,657.3443432042521,131.6101816316667,73.75828985010334,460,17.463933181473045,1061,40.280941533788905,73.75857498090012,648.0,1336.0,0.11220690608115816,0.2002149755942638,94.37014766818787,197.36842105263162,36.58536585365854,17.268679798650478,7010.186812978978,2493.923588988313,2.8109068152415753,73.75952631534997,26.240473684650034,12585.438381566426,3081.3279795991352,657.3443432042521,131.6101816316667,73.75857498090012,2.4398720643972487,12.42040949579792,672.0,2.3538344722854974,567,0.8401887253264455,0.2559817698442841,0.496012153437144,0.248006076718572
23,0,879.3159420289854,93.07730608286234,70.37221748041816,393,18.98550724637681,907,43.816425120772955,70.37223407811149,888.0,844.0,0.08003065873652923,0.10585194880930997,69.13175429409046,123.96694214876032,45.180722891566255,8.88682941005977,2770.3475172971803,1710.9388372711264,1.619197283355707,61.820363576477,38.179636423522986,5226.758330878613,745.4719763103067,879.3159420289854,93.07730608286234,70.37223407811149,-0.4729281482980517,5.5402892910156085,904.0,3.4782608695652173,56,0.7143738711195993,0.2672788786853553,0.4755920734654422,0.2571290478492025
24,1,910.9505684626793,153.93900460859297,106.61588153832427,651,32.17993079584775,743,36.727632229362335,106.61588337361886,948.0,1112.0,0.11703805570212647,0.1689872205342388,68.33973439976334,182.9268292682927,41.66666666666666,15.520074590839418,2311.1590318211097,5249.956394445345,0.4402244243907253,30.566376804570478,69.43362319542952,8357.752399059398,796.6369727929435,910.9505684626793,153.93900460859297,106.61588337361886,-0.6587217992545725,1.7920753005311507,956.0,3.9050914483440433,309,0.7604308789439939,0.2685459940652819,0.5084075173095944,0.22304648862512366
25,1,967.6744186046512,149.03509757000154,123.37100545812972,698,36.89217758985201,795,42.019027484143756,123.37101867782152,988.0,1236.0,0.12749228077736902,0.15401367929608428,63.85439099028225,120.0,34.56221198156682,12.69566754224173,5143.86335192101,6282.963741796716,0.8187001490557764,45.015675040265705,54.98432495973429,12817.4213126354,1390.5942189176758,967.6744186046512,149.03509757000154,123.37101867782152,-0.4349413461313627,3.4383822154426253,988.0,6.0782241014799165,242,0.6576529282284215,0.2966684294024326,0.4759386567953464,0.22739291380222104
26,2,984.7925151348377,89.72914080980475,37.29087503328819,209,11.502476609796366,699,38.470005503577326,37.290973976126,992.0,908.0,0.03786683326997069,0.09111476725380983,61.498493198013655,200.0,49.66887417218543,6.69173785801935,960.7524824333606,232.94887886916771,4.124306101395546,80.48516266958251,19.514837330417507,2186.326796259895,992.6254349573668,984.7925151348377,89.72914080980475,37.290973976126,-0.5814239775448549,1.6492470478797276,1024.0,2.5316455696202533,437,0.9137271052169648,0.2527533039647577,0.5313876651982379,0.2158590308370044
27,2,1244.635228848821,229.7570181538766,85.01866824446634,545,37.79472954230236,920,63.800277392510395,85.01870635487678,1250.0,1144.0,0.06830813107669438,0.1845978748057628,50.062837577755616,98.68421052631581,34.246575342465746,10.2956874410631,5467.776778782301,1110.157321736444,4.925226967138244,83.12300937084645,16.876990629153546,11201.269266696721,4623.335166177976,1244.635228848821,229.7570181538766,85.01870635487678,-0.22148772525104826,-0.8854095811312677,1492.0,1.0402219140083218,332,0.9320302640331616,0.3476752255378209,0.3095072866065233,0.3428174878556558
28,2,994.5934914506344,54.588129744938925,29.34837574960825,51,2.8130170987313843,367,20.242691671263103,29.348405720282248,1000.0,708.0,0.02950794065370065,0.05488486523807938,60.51588829796338,83.33333333333333,42.01680672268908,3.5132826273270763,901.0951080068173,225.1907689233596,4.001474449041433,80.00589605747848,19.99410394252152,1723.2768021649304,596.9909252347537,994.5934914506344,54.588129744938925,29.348405720282248,-0.06033026918476025,12.1564054372361,988.0,5.295091009376724,23,0.855609874509184,0.16997792494481234,0.6639072847682119,0.1661147902869757
29,1,1053.9257540603246,75.57214729393499,72.63133098633934,573,33.23665893271462,1043,60.498839907192576,72.6313328043294,1060.0,764.0,0.0689150374440628,0.07170538057618181,57.25741800525551,91.46341463414636,42.25352112676056,4.634869472434317,791.6513164797067,1123.9618799506,0.7043400052984904,41.326261374421904,58.673738625578096,2594.4280455837184,678.8148491534116,1053.9257540603246,75.57214729393499,72.6313328043294,-1.0593651795907082,3.4963428913192844,1076.0,3.596287703016241,29,0.5369868506855978,0.3192106790481718,0.3459082994776553,0.33488102147417304
30,0,626.7801516195727,130.31733331609513,46.995850589152795,438,15.093039283252931,1312,45.21019986216402,46.99595255418044,592.0,780.0,0.07497996296268307,0.20791553941100527,99.77965901514895,187.5,54.54545454545455,19.89722181382006,1183.189018446685,925.8627282788208,1.2779313631581584,56.10052101773668,43.89947898226332,2514.666444257437,405.6146975319317,626.7801516195727,130.31733331609513,46.995952554180434,0.5053205307286502,-0.7551108236458859,560.0,2.3432115782219163,852,0.9347324779525304,0.27783522923129955,0.4343329886246122,0.2878317821440882
31,0,869.2196531791907,78.37789163982248,48.02954878943611,453,21.820809248554916,1078,51.926782273603074,48.029549137603254,872.0,788.0,0.05525594015498163,0.09017040900209004,69.59004057480328,90.36144578313251,41.32231404958678,6.32214128307953,1825.5302244075608,796.8982819807111,2.2907945288452107,69.61220181829721,30.387798181702795,3465.2888095156895,842.8603031274179,869.2196531791907,78.37789163982248,48.029549137603254,0.3982759198807567,2.804654920702066,888.0,2.8420038535645467,298,0.8124994735399712,0.31903614457831325,0.403855421686747,0.27710843373493976
32,0,854.8072174738843,39.90013501840125,27.76265181274509,37,1.7568850902184237,128,6.0778727445394125,27.76268621447194,860.0,740.0,0.032478301126791946,0.0466773492347358,70.40847886734609,137.61467889908258,51.020408163265316,4.850436574643618,313.1568626982924,278.58989032393816,1.1240783444588047,52.92075724943231,47.07924275056769,721.2684987790693,129.5217457568388,854.8072174738843,39.90013501840125,27.76268621447194,-4.908847110150682,46.372872225299176,864.0,9.069325735992402,51,0.7574087750964542,0.10546318289786223,0.7900237529691211,0.10451306413301664
33,0,1320.3290229885058,86.81297893486756,91.69045073314804,730,52.44252873563219,1062,76.29310344827586,91.69046376509884,1316.0,588.0,0.06944516265919956,0.06575101919548074,45.65988630729268,64.37768240343348,39.473684210526315,3.330832829476197,1279.974171947459,1361.2692936901335,0.9402799121970205,48.46104452693743,51.53895547306257,3257.413280402463,616.1698147648699,1320.3290229885058,86.81297893486756,91.69046376509884,-1.0816327752031991,2.9966407412427287,1300.0,4.094827586206897,34,0.4422405557658505,0.3278217109992811,0.209920920201294,0.4622573687994249
34,0,1159.836970474968,142.9604653851359,78.85451525741067,605,38.83183568677792,1040,66.75224646983311,78.85451592699637,1146.0,1304.0,0.06798758613006141,0.12325910367091662,52.5409490485691,116.27906976744184,32.967032967032964,6.7637845857161,3186.667366842863,1346.305906732988,2.366971243984056,70.2997166433556,29.70028335664442,6656.066658468921,2123.093384893069,1159.836970474968,142.9604653851359,78.85451592699637,0.25307351241273585,0.6801031882981281,1124.0,1.8613607188703467,225,0.8483488636229584,0.363519588953115,0.302504816955684,0.33397559409120103
35,0,906.9879069767443,194.69574608547344,135.66966659328418,1115,51.860465116279066,1436,66.79069767441861,135.67006210477066,916.0,900.0,0.14958309924660254,0.21466189856318071,70.01958667187522,128.2051282051282,43.85964912280703,18.806232191540392,10316.994882368092,7007.340077349133,1.4723125706025384,59.55203998512674,40.44796001487326,20871.64937546354,3547.314415746317,906.9879069767443,194.69574608547344,135.67006210477066,-0.4061908958441711,-0.2519636782268728,864.0,1.9534883720930232,115,0.756037303425789,0.3434155421126105,0.2857142857142857,0.37087017217310375
36,0,821.1874724305251,122.84618810942905,87.75066974384113,509,22.452580502867228,638,28.142920158800177,87.75066981486097,820.0,1572.0,0.10685826654800186,0.14959578930963566,74.65110602285186,187.5,31.71247357293869,11.426940436790195,4783.192115709342,3785.640098314808,1.2635094703901193,55.82081660883669,44.1791833911633,10283.22286503842,1714.3906510142688,821.1874724305251,122.84618810942905,87.75066981486097,1.2670923118614108,6.063121497577251,812.0,4.58756065284517,402,0.7452000650138878,0.2109443954104148,0.5860547219770521,0.2030008826125331
37,0,819.447963800905,49.5951856802707,33.87992254440119,78,3.5294117647058822,89,4.027149321266968,33.87993072232008,824.0,920.0,0.041344822635439024,0.060522678524002615,73.44955195331444,108.69565217391305,40.76086956521739,3.8792689770220505,902.8754364823628,416.3233132871634,2.1686881509313767,68.44119861697125,31.55880138302876,1650.8087746415415,331.61002487201506,819.447963800905,49.5951856802707,33.87993072232008,3.7454531859606273,31.15795717383124,828.0,7.51131221719457,150,0.7666314747902725,0.1086464463558171,0.7840651878678135,0.1072883657763694
38,1,788.9607023411371,95.3108987577368,78.27780289553995,923,38.58695652173913,964,40.301003344481614,78.27780318157033,760.0,780.0,0.0992163525373206,0.12080563515383498,77.14990960374064,170.45454545454547,53.003533568904594,9.441459618103293,2652.9983118356085,3169.386494835733,0.8370699869386273,45.565492490221175,54.434507509778825,6275.93330205545,453.5484953841101,788.9607023411371,95.3108987577368,78.27780318157033,0.6159032322794243,1.1246130460077506,752.0,4.4732441471571915,81,0.6629534121116127,0.24634044332915095,0.5165202843998327,0.2371392722710163
39,0,925.9553526128868,79.37352443499954,66.33796111894253,399,20.243531202435317,958,48.604769152714354,66.33797482252001,928.0,920.0,0.07164273594328889,0.0857206821160665,65.3265002661333,159.57446808510642,46.2962962962963,6.52524091493091,1899.1548881173069,1796.0263913080285,1.0574203682687373,51.39544570361805,48.60455429638196,4629.366514570736,934.1852351454021,925.9553526128868,79.37352443499954,66.33797482252002,-0.12744616216676075,6.851734827092956,936.0,4.008117706747844,12,0.6508864957728664,0.2786802030456853,0.4355329949238579,0.2857868020304569
40,0,935.5012960082944,124.63968868385165,50.18058070006778,120,6.2208398133748055,527,27.319854847071017,50.18087615765798,980.0,920.0,0.05364062708600786,0.13323304758173904,65.58433505716683,128.2051282051282,43.227665706051866,11.097124168913457,1470.0778936444665,846.7342936300593,1.736173797026754,63.452613971866704,36.54738602813328,3043.1805178058394,726.3683305313132,935.5012960082944,124.63968868385165,50.18087615765798,-1.2090012651159041,1.2217224742350643,992.0,3.006739243131156,388,0.9178781655868375,0.2033195020746888,0.5975103734439834,0.1991701244813278
41,0,1031.5351787773934,76.36078211023114,48.70088859875842,307,17.70472895040369,951,54.844290657439444,48.70093148044396,1028.0,1012.0,0.04721208978850897,0.07402634799206388,58.48350426911308,119.04761904761904,39.57783641160949,4.411127266538742,1322.8830772025576,549.1958439461812,2.4087638167418373,70.66385194865687,29.336148051343127,2668.1834624705016,796.1045413217627,1031.5351787773934,76.36078211023114,48.700931480443955,0.6561945584174733,4.709825499615153,1040.0,3.056516724336793,237,0.7965386626148319,0.3017888055395268,0.4062319676860935,0.2919792267743797
42,0,823.9725022914756,58.37562107797317,21.894331624797644,29,1.3290559120073326,381,17.461044912923924,21.894331701612806,832.0,732.0,0.02657167762361541,0.07084656455844095,73.2388287844833,185.1851851851852,56.81818181818182,6.131082837524969,287.6478565042725,173.42127371579602,1.6586653433054108,62.387142762513285,37.6128572374867,630.7898457356912,169.7207155156228,823.9725022914756,58.37562107797317,21.894331701612806,-1.300020326079553,4.11249174827591,840.0,4.216315307057745,398,0.9294318252525872,0.1646033929390188,0.6680421824850986,0.16735442457588262
43,2,842.7755102040817,135.28037224617927,43.31013558737978,442,20.977693402942574,1014,48.125296630280026,43.310140626666346,832.0,684.0,0.05138988983694912,0.1605176830700984,73.05248735814776,102.73972602739723,47.31861198738171,11.764876909779186,3941.824819384038,301.2868037394792,13.083297278404894,92.89939010565813,7.100609894341888,11928.919831742263,7685.808208618745,842.7755102040817,135.28037224617927,43.310140626666346,0.2703842558859215,-0.6645868357363618,828.0,1.5187470336971998,13,0.9491823127332428,0.27587844254510924,0.4420702754036087,0.28205128205128205
44,0,595.1370663002405,76.74561073123806,27.493504250047486,60,2.0611473720371007,292,10.030917210580556,27.49350438749405,588.0,1024.0,0.04619692831167714,0.12895451329949711,102.33515613357216,132.7433628318584,40.65040650406504,12.282449036940735,756.9420376368507,386.4903608851754,1.958501722793896,66.19910705829713,33.800892941702884,1734.4838340615206,591.0514355394946,595.1370663002405,76.74561073123806,27.49350438749405,2.051731890256993,17.886193009456424,572.0,4.5345242184816215,490,0.9358071644260376,0.12405498281786942,0.7536082474226804,0.12233676975945015
45,2,794.5830692621097,134.8597651379957,38.56775696907326,73,3.3046627433227704,630,28.51969216840199,38.567792750962035,848.0,1316.0,0.048538402393569824,0.16972393492254167,78.0634516103963,128.2051282051282,33.63228699551569,15.529681256490516,2182.750960949328,353.0107309066716,6.183242518841162,86.07871031254942,13.92128968745058,3586.453908761196,1050.6922169051966,794.5830692621097,134.8597651379957,38.567792750962035,-0.113962818851712,3.9947587005528105,880.0,3.2141240380262563,465,0.9593437904428318,0.2042572463768116,0.5969202898550725,0.19882246376811594
46,0,1103.9779005524865,168.68080291049182,80.58433489641419,658,40.392879066912215,958,58.809085328422356,80.58447427301051,1164.0,1156.0,0.07299464439703184,0.15279364091081482,55.88247114782533,118.11023622047243,36.057692307692314,10.256529404003713,2300.7980588361747,1189.1824430253819,1.9347729798152309,65.92581413016285,34.07418586983715,4709.040634273999,1219.060132412443,1103.9779005524865,168.68080291049182,80.58447427301051,-0.7591733758157607,-0.20941996789645406,1220.0,2.0871700429711484,409,0.8858273591092715,0.26904176904176896,0.3353808353808354,0.3955773955773956
47,0,997.5777899945024,168.69939895332882,77.96066211717869,308,16.932380428807033,520,28.587135788895,77.9606682024895,1068.0,1044.0,0.07814996382680005,0.1691090165051274,63.59466319912961,194.80519480519482,44.378698224852066,22.25661704465775,3166.1338268289837,1993.3966792358622,1.5883109768411334,61.3647660985298,38.63523390147019,7175.647335725918,2016.1168296610724,997.5777899945024,168.69939895332882,77.9606682024895,-2.0819172709810365,5.270857472749013,1108.0,5.0027487630566245,551,0.8935370314730428,0.21947194719471946,0.5621562156215621,0.2183718371837184
48,0,1029.6477987421383,73.67421267503781,33.05186264122138,33,1.8867924528301887,180,10.291595197255576,33.05186272043707,1052.0,924.0,0.03210016353243763,0.07155282880713326,58.635534414131676,107.14285714285714,40.43126684636118,5.1686892253230905,854.8878043026898,321.22711291354017,2.661318954520464,72.68743825868145,27.312561741318532,1842.8921109845362,666.7771937683058,1029.6477987421383,73.67421267503781,33.05186272043707,-2.033418667780971,6.944558278021139,1064.0,5.717552887364207,268,0.8997985309724559,0.12986270022883295,0.7419908466819222,0.12814645308924486
49,2,590.6563016870657,58.68396184969276,13.658692409669795,29,0.959311941779689,164,5.425074429374793,13.658692986880592,592.0,424.0,0.02312460384807181,0.09935382333529046,102.59955004930868,132.7433628318584,68.49315068493149,10.344089147596787,392.6166381058165,71.85692271667979,5.463866573494114,84.52938363392859,15.470616366071418,667.9176295593243,203.44406873682786,590.6563016870657,58.68396184969276,13.658692986880592,0.15769999675976246,0.3325292167726728,624.0,3.208733046642408,321,0.9732249963072372,0.0943084050297816,0.8097286565188617,0.09596293845135673
50,0,529.9045092838196,54.6295226664065,21.71790086116759,25,0.7368110816386678,56,1.650456822870616,21.717906271788465,512.0,1212.0,0.04098456588176765,0.1030931454805693,114.28933113739807,150.0,37.22084367245658,10.673202838929736,916.7457684067322,340.64226622689836,2.6912273058801732,72.90873963770838,27.09126036229162,1494.5652978403734,237.1772632067432,529.9045092838196,54.6295226664065,21.717906271788465,3.0894838058942207,49.00735903279497,504.0,6.2481579722959015,892,0.9210803651758434,0.05512971698113208,0.8897405660377359,0.05512971698113208
51,1,669.4917733089579,92.53473925041187,47.79577107042571,455,16.636197440585008,651,23.80255941499086,47.79577377992382,668.0,752.0,0.07139112933933986,0.13821639479311246,91.30560238531669,182.9268292682927,55.555555555555564,12.46561028254338,1001.9123759981347,1195.8607737330522,0.8378169081259522,45.587615633609865,54.412384366390114,2553.2143467788765,355.4411970476898,669.4917733089579,92.53473925041187,47.79577377992382,0.5879844141315552,1.1645720625038676,744.0,3.1809872029250466,735,0.8665961667898107,0.17483540599853695,0.6671543525969276,0.15801024140453548
52,0,519.5397292525015,89.08308006312308,69.42672388103284,1579,46.4685108887581,2520,74.16127133608005,69.42675408733105,508.0,912.0,0.13363127048478127,0.17146538570071088,118.68857691541794,178.5714285714286,48.07692307692307,19.214000579039084,2543.7130253623623,2755.258419451496,0.9232212148974226,48.0039013581006,51.996098641899394,5985.675096517014,686.703651703156,519.5397292525015,89.08308006312308,69.42675408733105,0.9703808483183974,2.8803152205176694,488.0,1.824602707474985,334,0.6959839538449504,0.38681189284662937,0.2396231969384751,0.3735649102148955
53,0,904.5915279878972,77.67198987365715,33.713066156867825,89,4.48814926878467,341,17.19616742309632,33.71308572860243,908.0,1020.0,0.03726884973551674,0.08586415798788727,66.95444090546745,194.80519480519482,45.180722891566255,7.875792854069861,879.6579574510013,440.9915129755458,1.9947276343610283,66.60798169001549,33.392018309984486,1904.2576566309353,583.6081862043883,904.5915279878972,77.67198987365715,33.71308572860243,-1.3911510446112811,7.866335653287859,880.0,2.723146747352496,270,0.9058944547223484,0.16599394550958627,0.6700302724520686,0.16397578203834512
54,0,879.4264569842737,135.04234653280028,96.14418762830499,1059,48.98242368177613,1198,55.41165587419057,96.14419218969677,888.0,944.0,0.10932601745846277,0.1535572934613396,70.18185685973037,153.0612244897959,44.91017964071857,13.6260775971947,5129.615518635719,3284.536159948823,1.5617473118991771,60.96414367822094,39.03585632177906,10021.076026816396,1606.9243482318539,879.4264569842737,135.04234653280028,96.14419218969677,-0.2990177738567861,1.9074585690661312,904.0,2.4976873265494905,498,0.746808720145188,0.3095788986580287,0.3831559463211476,0.3072651550208237
55,0,931.8617125984252,139.06105998926282,108.74226777148405,900,44.291338582677156,1055,51.91929133858267,108.74263247764601,936.0,1500.0,0.116693958993578,0.14922928811132466,66.29161235565205,157.89473684210526,31.914893617021278,13.82576643600952,6316.579878783801,3805.8285913737855,1.6597121302574778,62.40194611199546,37.59805388800454,12016.867623221737,1894.4591530641494,931.8617125984252,139.06105998926282,108.74263247764601,-0.5948265865559428,3.941563616713276,932.0,2.706692913385827,26,0.6910235639432284,0.2909896602658789,0.40275726243229937,0.3062530773018218
56,0,1045.8336,258.58349471115343,153.92961684876119,845,45.06666666666667,1058,56.42666666666667,153.92979591501302,1032.0,1292.0,0.14718383107505156,0.24725108727731965,61.3503214087884,147.05882352941177,35.29411764705883,17.25848777109783,18408.56259636257,6512.777791596196,2.8265301205449047,73.86666330859569,26.133336691404327,36384.295340675955,11462.954952717182,1045.8336,258.58349471115343,153.92979591501302,0.24268871951418025,-0.2509902541116791,1036.0,1.28,189,0.82225662683845,0.3223052294557097,0.3767342582710779,0.30096051227321235
57,0,930.7518355359764,137.8907806034343,110.28658032667327,863,42.241801272638284,973,47.62604013705336,110.28658243162049,888.0,1008.0,0.11849193116886154,0.14814988844371116,65.84879057054346,140.18691588785046,41.78272980501393,9.87444807444557,7950.638759126156,4385.457648866145,1.8129553163469232,64.45019961075452,35.549800389245476,14570.135773253154,2234.0393652608514,930.7518355359764,137.8907806034343,110.28658243162049,0.8659867512086429,1.912954659768688,880.0,3.9647577092511015,69,0.6802304638141701,0.2943192948090108,0.4397649363369246,0.26591576885406465
58,2,1077.7703180212013,132.4783266294304,85.99647434669441,648,38.16254416961131,1080,63.60424028268551,85.99650539007185,1103.0,1052.0,0.07979112427957973,0.12291888579067768,56.851635439721136,182.9268292682927,43.47826086956522,11.051226997330463,5556.543964850269,1320.4820187998198,4.207966398437281,80.79864723589493,19.201352764105067,10500.507926029695,3623.481942379608,1077.7703180212013,132.4783266294304,85.99650539007185,-0.9603759281482492,4.5580552989574885,1116.0,3.0035335689045937,20,0.789492640625604,0.31585150265173834,0.33824395992928696,0.34590453741897464
59,2,899.2146752602874,141.539081283445,76.31794231683621,527,26.12791274169559,1043,51.71046108081309,76.31794396751376,908.0,1636.0,0.08487177318966987,0.1574029930533273,68.34366456085222,187.5,30.67484662576687,11.15883217982109,6741.687728448607,1144.906649305055,5.888416957435554,85.48287645508199,14.517123544917984,10669.813173049806,2783.2187952961426,899.2146752602874,141.539081283445,76.31794396751376,1.4587616558800731,10.556959286473278,1012.0,2.429350520575112,631,0.8538585402308322,0.3273809523809524,0.40128968253968256,0.27132936507936506
60,0,500.7868566443734,112.73055331860313,79.32359926298554,1431,41.61093341087526,2288,66.53096830473974,79.32362414372494,456.0,840.0,0.15839797528882724,0.22510685299126595,124.97591339193998,178.5714285714286,51.020408163265316,23.507316520441265,5261.435725354789,4512.334213521501,1.1660119743764894,53.832203522888605,46.16779647711141,10903.180605953,1129.4106670767085,500.7868566443734,112.73055331860313,79.32362414372491,1.2768251148702292,1.2805762930906877,416.0,2.9369002617039843,329,0.7518891735938156,0.35951134380453753,0.2891215823152996,0.3513670738801629
61,0,522.6731851851852,134.09872205375078,80.35190494319231,1554,46.04444444444446,2412,71.46666666666667,80.35191565689803,480.0,880.0,0.15373261520663056,0.25656323273259,121.7619199329875,185.1851851851852,49.833887043189364,27.94462740931702,5306.961687013327,4632.780982590862,1.1455239751147126,53.391338824515636,46.60866117548437,11395.529337544971,1455.7866679407816,522.6731851851852,134.09872205375078,80.35191565689803,0.8578561892997537,0.15118942932218848,388.0,2.311111111111111,316,0.8205815532105529,0.3722584469472437,0.2575577949021932,0.3701837581505632
62,1,850.0367309458219,118.03235439577409,108.63683892068629,1213,55.693296602387505,1305,59.91735537190082,108.6368876479434,848.0,1036.0,0.12780258039798462,0.13885559305706874,72.01023864635678,111.11111111111113,38.07106598984772,10.588871950234882,2615.1116387014663,5886.845840148309,0.4442296791375776,30.758935753407968,69.24106424659203,9072.813154596472,570.8556757466972,850.0367309458219,118.03235439577409,108.6368876479434,0.2471445998169305,1.2535016654144628,780.0,4.178145087235996,2,0.5751905375426452,0.3706936150666054,0.3601286173633441,0.2691777675700505
63,0,690.3719325153373,40.140887410973356,18.68471372653533,31,1.1886503067484662,262,10.04601226993865,18.68471372653533,688.0,680.0,0.027064706495900637,0.05814385770974484,87.20539811222434,166.66666666666666,57.69230769230769,5.273682160945858,303.927820415561,191.21798410676485,1.5894311501886018,61.381479483354305,38.6185205166457,743.326907552161,248.18110302983524,690.3719325153373,40.140887410973356,18.68471372653533,0.9458159745284608,14.352441489193057,680.0,7.285276073619633,233,0.8919266012330659,0.1308016877637131,0.7391637897967012,0.13003452243958574
64,0,984.0649779735684,240.6411710119551,55.338917479294174,524,28.854625550660792,890,49.00881057268722,55.33905509930347,1036.0,1176.0,0.056235163671061836,0.2445378876377599,65.18072754578651,182.9268292682927,39.893617021276604,17.775620272454688,1515.099175431198,818.8650665333498,1.8502427779039867,64.91526940258119,35.08473059741882,4722.626238427096,2388.661996462548,984.0649779735684,240.6411710119551,55.33905509930347,-0.1232067949643608,-1.3884870732742858,720.0,2.643171806167401,526,0.973959840135778,0.26776859504132233,0.4473829201101928,0.28484848484848485
65,0,778.5315471045807,46.373389160689484,24.04480724920625,49,2.1175453759723424,585,25.28089887640449,24.044849289305986,780.0,756.0,0.030884874708970562,0.05956520237767592,77.3736068716219,168.53932584269663,53.9568345323741,5.363940230128441,262.38674070304694,148.84729791042847,1.7627914270969358,63.80472336086651,36.19527663913349,524.414299805037,113.18026119156158,778.5315471045807,46.373389160689484,24.044849289305986,-0.6493093109245905,11.863317864771242,804.0,4.148660328435609,654,0.8653137837982977,0.1798530047557285,0.6398616515348032,0.18028534370946825
66,0,919.9479060265576,43.91550561389242,30.496018586516122,37,1.889683350357508,85,4.341164453524003,30.496018655012122,920.0,888.0,0.033149723430243604,0.04773694828392232,65.41250723180951,129.31034482758622,44.378698224852066,4.241138380237287,542.4696349435259,303.00715202029505,1.7902865702232398,64.16138719687154,35.83861280312846,1127.8255586195328,282.348771655712,919.9479060265576,43.91550561389242,30.496018655012122,-2.7210566079524314,39.36496227049648,924.0,6.077630234933606,110,0.7592640705321354,0.10526315789473684,0.7904956566172713,0.10424118548799184
67,2,618.1706422018349,140.8487327269372,49.28360842158342,237,8.697247706422019,302,11.082568807339447,49.28443175001791,528.0,1052.0,0.07972625742056247,0.2278476574449642,101.46034897827481,200.0,44.378698224852066,19.66614622698664,4020.830310461833,1153.1827313097947,3.4867243510444696,77.71202503743719,22.287974962562803,8056.023595457029,2882.010553685401,618.1706422018349,140.8487327269372,49.28443175001791,1.0941434942538892,0.9101037137743084,520.0,11.192660550458717,849,0.9348267978342886,0.0998531571218796,0.7973568281938326,0.1027900146842878
68,0,1073.1348781937018,95.40739476898659,61.495855301263504,469,27.86690433749257,1026,60.96256684491978,61.495859899508865,1076.0,1340.0,0.05730487485694116,0.08890531535940395,56.47002680633789,194.80519480519482,36.40776699029127,7.2127501572580135,2664.625393703087,885.6294985265988,3.008736043837928,75.05448128626077,24.945518713739233,5695.794484244382,2145.5395920146966,1073.1348781937018,95.40739476898659,61.495859899508865,-0.5220862975164119,11.198348480354808,1084.0,3.5650623885918007,17,0.7902778693416113,0.3281807372175981,0.3347205707491082,0.3370986920332937
69,2,1116.6968944099378,58.34595013472409,29.100882802382888,44,2.732919254658385,315,19.565217391304348,29.100883227131266,1124.0,828.0,0.026059787013653482,0.05224869024602604,53.93087649748736,99.33774834437088,41.89944134078213,3.932989914129593,658.6145528478366,187.73286552260777,3.5082538745381417,77.81846302738558,22.181536972614413,1626.870858913186,780.5234405427417,1116.6968944099378,58.34595013472409,29.100883227131266,-4.448718058339212,28.787424329346585,1116.0,7.515527950310558,15,0.8761485663942424,0.1845866998135488,0.6289620882535737,0.1864512119328776
